,val_loss,loss
0,302.89870774512195,372.44430496669054
1,75.23972290637447,265.8069610595703
2,68.73377616732728,133.40935941261822
3,76.48337210860907,76.74571114719504
4,138.77559863819795,108.62554425532275
